uttProb,condition,intended_target
0.5088757396449705,aan,target
1,aap,target
0.5511363636363636,atn,target
1,atp,target
0.1912568306010929,tan,target
0.8148148148148148,tap,target
0.1657754010695187,ttn,target
0.7875,ttp,target
0.5088757396449705,aan,comp
0.5511363636363636,tan,comp
0.1912568306010929,atn,comp
0.1657754010695187,ttn,comp
0.5555555555555556,aap,comp
0.1595744680851064,atp,comp
0.5393258426966292,tap,comp
0.19148936170212766,ttp,comp
